<Ui xmlns="http://www.blizzard.com/wow/ui/">
	<Script file='AtalDazar.lua'/>
	<Script file='Freehold.lua'/>
	<Script file='KingsRest.lua'/>
	<Script file='ShrineoftheStorm.lua'/>
	<Script file='SiegeofBoralus.lua'/>
	<Script file='TempleofSethraliss.lua'/>
	<Script file='TheMotherlode.lua'/>
	<Script file='TheUnderrot.lua'/>
	<Script file='TolDagor.lua'/>
	<Script file='WaycrestManor.lua'/>
	<Script file='MechagonIsland.lua'/>
	<Script file='MechagonCity.lua'/>
	<Script file='overrides.lua'/>
</Ui>
